{"cameraMode":{"drawMode":0,"name":"Shaded","section":"Shading Mode"},"sceneLighting":true,"audioPlay":false,"sceneViewState":{"m_AlwaysRefresh":false,"showFog":true,"showSkybox":true,"showFlares":true,"showImageEffects":true,"showParticleSystems":true,"showVisualEffectGraphs":true,"m_FxEnabled":true},"in2DMode":false,"pivot":{"x":-5.001096248626709,"y":0.8955358266830444,"z":2.012028217315674},"rotation":{"x":0.14793632924556733,"y":-0.1398342251777649,"z":0.021133670583367349,"w":0.9788341522216797},"size":1.6996345520019532,"orthographic":false}