{"cameraMode":{"drawMode":0,"name":"Shaded","section":"Shading Mode"},"sceneLighting":false,"audioPlay":false,"sceneViewState":{"m_AlwaysRefresh":false,"showFog":false,"showSkybox":false,"showFlares":false,"showImageEffects":false,"showParticleSystems":false,"showVisualEffectGraphs":true,"m_FxEnabled":true},"in2DMode":false,"pivot":{"x":-0.47856664657592776,"y":0.36015236377716067,"z":-3.2166924476623537},"rotation":{"x":0.008363693952560425,"y":-0.9888341426849365,"z":0.13581989705562592,"w":0.06089876592159271},"size":2.6070897579193117,"orthographic":false}